,Dirección,Longitud,Latitud,Cantidad de accidentes
0,"PIEDRA BUENA AV. y FERNANDEZ DE LA CRUZ, F., GRAL. AV.",-58.47533969,-34.68757022,1
1,"PAZ, GRAL. AV. y DE LOS CORRALES AV.",-58.50877521,-34.66977709,3
2,ENTRE RIOS AV. 2034,-58.39040293,-34.63189362,1
3,"LARRAZABAL AV. y VILLEGAS, CONRADO, GRAL.",-58.46503904,-34.68092974,1
4,"SAN JUAN AV. y SAENZ PEÃ‘A, LUIS, PRES.",-58.38718297,-34.62246630,1
5,27 DE FEBRERO AV. y ESCALADA AV.,-58.44451316,-34.68475866,5
6,"NOGOYA y GONZALEZ, JOAQUIN V.",-58.50095869,-34.60825440,1
7,"PAZ, GRAL. AV. y DE LOS CORRALES AV.",-58.50877521,-34.66977709,3
8,"BELGRANO AV. e IRIGOYEN, BERNARDO DE",-58.38048577,-34.61303893,1
9,ENTRE RIOS AV. 1366,-58.39114932,-34.62477387,1
10,"SCALABRINI ORTIZ, RAUL AV. y VERA",-58.43760020,-34.59912758,1
11,"REGIMIENTO DE PATRICIOS AV. y QUINQUELA MARTIN, BENITO",-58.36882665,-34.64291993,1
12,"ACOSTA, MARIANO y JANER, ANA MARIA",-58.44989671,-34.65970435,1
13,"DE LA TORRE, LISANDRO y GARCIA GRANDE DE ZEQUEIRA, SEVERO",-58.50990884,-34.65468721,1
14,SUIPACHA 156,-58.37952223,-34.60653282,1
15,DIRECTORIO AV. y CURAPALIGUE,-58.45157703,-34.63063795,1
16,"9 DE JULIO AV. y ALSINA, ADOLFO",-58.38144696,-34.61079875,1
17,"PAZ, GRAL. AV. y 27 DE FEBRERO AV.",-58.46244952,-34.70524971,2
18,HOLMBERG y VEDIA,-58.49216191,-34.54738649,1
19,"CURAPALIGUE AV. y DIAZ, AVELINO",-58.44497874,-34.63852623,1
20,VIAMONTE y 9 DE JULIO AV.,-58.38199706,-34.60028648,1
21,CABILDO AV. y DEHEZA,-58.47378664,-34.54153077,1
22,"PAZ, GRAL. AV. y ROCA, CNEL. AV.",-58.47064556,-34.69843756,2
23,"ALCORTA, AMANCIO AV. y BONAVENA, OSCAR NATALIO",-58.40623949,-34.65076549,3
24,CORRIENTES AV. y CALLAO AV.,-58.39228965,-34.60443527,1
25,"HERRERA y VALLE, ARISTOBULO DEL",-58.37813396,-34.63668504,1
26,LAFUENTE AV. y QUIRNO,-58.46275892,-34.64358293,1
27,"PAZ, GRAL. AV. y ZUVIRIA",-58.49683458,-34.67892743,1
28,"MITRE, BARTOLOME y PUEYRREDON AV.",-58.40603217,-34.60883960,1
29,DIRECTORIO AV. y RIVERA INDARTE AV.,-58.46076550,-34.63350444,1
30,"DELLEPIANE, LUIS, TTE. GRAL. y MURGUIONDO",-58.47832463,-34.67494416,1
31,"MORENO, JOSE MARIA AV. y BALBASTRO",-58.43213235,-34.63693953,1
32,"PAZ, GRAL. AV. y DEL LIBERTADOR AV.",-58.46743471,-34.53476874,4
33,LIMA 1483,-58.38247061,-34.62571878,1
34,CORRIENTES AV. y DORREGO AV.,-58.44759966,-34.59170240,2
35,AUTOPISTA 1 SUR PRESIDENTE ARTURO FRONDIZI,-58.37714647568196,-34.63657525428238,2
36,"GORDILLO, TIMOTEO y FERNANDEZ DE LA CRUZ, F., GRAL. AV.",-58.47305463,-34.68550712,1
37,"ALCORTA, AMANCIO AV. y BONAVENA, OSCAR NATALIO",-58.40623949,-34.65076549,3
38,TRIUNVIRATO AV. y OLAZABAL AV.,-58.48429180,-34.57558053,1
39,"AUTOPISTA DELLEPIANE LUIS TTE. GRAL. y PAZ, GRAL. AV.",-58.48695354,-34.68795245,1
40,"CASTILLA, RAMON, MARISCAL y FIGUEROA ALCORTA, PRES. AV.",-58.40021959,-34.57964781,1
41,"CAMPOS, LUIS M. AV. 30",-58.42957885,-34.57660058,1
42,LIMA 1471,-58.38247542,-34.62556293,1
43,CIUDADELA y LIMA,-58.38222219,-34.62728101,1
44,"JUSTO, JUAN B. AV. y CARRASCO AV.",-58.49485242,-34.62953445,1
45,GAONA AV. y ESPINOSA,-58.45227946,-34.61068024,1
46,"DE LA TORRE, LISANDRO y SARAZA",-58.48455411,-34.67512760,1
47,"FIGUEROA ALCORTA, PRES. AV. y PUEYRREDON AV.",-58.39056593,-34.58418569,1
48,ENTRE RIOS AV. y FILIBERTO,-58.39118948,-34.62704273,1
49,"MAGARIÃ‘OS CERVANTES, A. 3900",-58.49021952,-34.62025108,1
50,"PAZ, GRAL. AV. y SCAPINO, RODOLFO",-58.49896559,-34.67732118,1
51,AUTOPISTA DELLEPIANE LUIS TTE. GRAL. y MIRALLA,-58.47461076,-34.66874679,1
52,SAN MARTIN AV. y CAMARONES,-58.46210891,-34.60356211,1
53,"PERON, JUAN DOMINGO, TTE. GENERAL y ALEM, LEANDRO N. AV.",-58.37027770,-34.60536123,1
54,BELGRANO AV. y JUJUY AV.,-58.40491455,-34.61463830,1
55,"DEL LIBERTADOR AV. y UDAONDO, GUILLERMO AV.",-58.45504154,-34.54864492,1
56,"PAZ, GRAL. AV. y RIVADAVIA AV.",-58.52927982,-34.63931752,2
57,"LARRALDE, CRISOLOGO AV. y MACHAIN",-58.48721060,-34.55904606,1
58,LA PLATA AV. 2384,-58.42273092,-34.64228803,1
59,"ALBERDI, JUAN BAUTISTA AV. y PUAN",-58.44788671,-34.62539009,1
60,"PELLEGRINI, CARLOS y TUCUMAN",-58.38110563,-34.60135531,1
61,"RABANAL, FRANCISCO, INTENDENTE AV. y EREZCANO",-58.42378834,-34.65734100,1
62,"OLIVERA AV. y FALCON, RAMON L.,CNEL.",-58.48727942,-34.63652467,2
63,AUTOPISTA 1 SUR PRESIDENTE ARTURO FRONDIZI y CASEROS AV.,-58.37864583,-34.62907067,2
64,CERETTI y NUÃ‘EZ,-58.50151750,-34.56767549,1
65,"LUGONES, LEOPOLDO AV. y LA PAMPA",-58.43233425,-34.55185825,1
66,"SALGUERO, JERONIMO y RIVADAVIA AV.",-58.41971993,-34.61112240,2
67,"PAZ, GRAL. AV. y DEL LIBERTADOR AV.",-58.46743471,-34.53476874,4
68,"ALBERDI, JUAN BAUTISTA AV. y MITRE, EMILIO",-58.44362126,-34.62301748,1
69,MERCEDES y MOSCONI GENERAL AV.,-58.51713095,-34.59546519,1
70,AUTOPISTA DELLEPIANE LUIS TTE. GRAL.,-58.47433193007387,-34.66684950051973,1
71,SOLIS y MEXICO,-58.39038605,-34.61562810,1
72,SAN JUAN AV. y ALBERTI,-58.40042405,-34.62356174,1
73,"MOSCONI GENERAL AV. y PAZ, GRAL. AV.",-58.52340614,-34.59798754,1
74,"PAZ, GRAL. AV. y DONADO",-58.49491054,-34.54795581,2
75,"PAZ, GRAL. AV. y CHAVEZ, JORGE",-58.52932872,-34.65014993,1
76,"PERON, EVA AV. y SUAREZ, JOSE LEON",-58.50011639,-34.67316502,1
77,ZINNY y SANTIAGO DE COMPOSTELA AV.,-58.46635001,-34.65624369,1
78,"LACROZE, FEDERICO AV. y FRAGA",-58.45343236,-34.58435809,1
79,"PELLEGRINI, CARLOS y DEL LIBERTADOR AV.",-58.38090932,-34.58927731,1
80,AUTOPISTA 1 SUR PRESIDENTE ARTURO FRONDIZI y DON PEDRO DE MENDOZA AV.,-58.37157668,-34.65429986,2
81,AUTOPISTA PERITO MORENO y BARRAGAN,-58.52280139,-34.63659934,2
82,"ALBERDI, JUAN BAUTISTA AV. y CARHUE",-58.51232237,-34.65903530,2
83,LUGONES y LA PAMPA,-58.47461905,-34.57663634,1
84,AUTOPISTA 25 DE MAYO y AUTOPISTA 1 SUR PRESIDENTE ARTURO FRONDIZI,-58.38268809,-34.62282019,2
85,"ALBERDI, JUAN BAUTISTA AV. y GUARDIA NACIONAL",-58.49603546,-34.64564271,2
86,"SALGUERO, JERONIMO 1410",-58.41848605,-34.59394733,1
87,ARIAS y TRONADOR,-58.48935041,-34.54917673,1
88,27 DE FEBRERO AV. y ESCALADA AV.,-58.44451316,-34.68475866,5
89,DEL LIBERTADOR AV. y TAGLE,-58.39936478,-34.58271474,1
90,AUTOPISTA 1 SUR PRESIDENTE ARTURO FRONDIZI KM. 2.9,-58.37936704,-34.62694503,1
91,"LARRALDE, CRISOLOGO AV. y TRIUNVIRATO AV.",-58.49659234,-34.56353635,1
92,"PERON, EVA AV. 4233",-58.47256391,-34.65194557,1
93,"ASAMBLEA AV. y BONORINO, ESTEBAN, CNEL. AV.",-58.45130953,-34.64053676,1
94,RIVADAVIA AV. y RIVERA INDARTE AV.,-58.46271207,-34.62884871,1
95,"AUTOPISTA PERITO MORENO y ALBERDI, JUAN BAUTISTA AV.",-58.49020869,-34.64243791,1
96,IRIGOYEN y TINOGASTA,-58.52572109,-34.62125906,1
97,"ACOSTA, MARIANO y ROCA, CNEL. AV.",-58.44094791,-34.66677111,1
98,CASTRO y PAVON AV.,-58.41914024,-34.63053890,1
99,AUTOPISTA 1 SUR PRESIDENTE ARTURO FRONDIZI y BRASIL,-58.37910942,-34.62764717,2
100,MIRAVE 3500,-58.39871183,-34.64539318,1
101,SAN JUAN AV. y 24 DE NOVIEMBRE,-58.41036975,-34.62477021,1
102,LAS HERAS GENERAL AV. y SANCHEZ DE BUSTAMANTE,-58.40204698,-34.58342690,1
103,PIEDRA BUENA AV. y 2 DE ABRIL DE 1982,-58.48935287,-34.67648597,1
104,"FIGUEROA ALCORTA, PRES. AV. y PINEDO, INT.",-58.42260225,-34.56403694,1
105,SAN MARTIN AV. y LADINES,-58.51537091,-34.59035925,1
106,CABILDO AV. y BLANCO ENCALADA,-58.45909670,-34.55922742,1
107,"FIGUEROA ALCORTA, PRES. AV. y DORREGO AV.",-58.42008769,-34.56539579,1
108,JURAMENTO AV. y VUELTA DE OBLIGADO,-58.45566399,-34.56147293,1
109,"DEL LIBERTADOR AV. y RAMOS MEJIA, JOSE MARIA, DR. AV.",-58.37533517,-34.59276462,3
110,27 DE FEBRERO AV. y ESCALADA AV.,-58.44451316,-34.68475866,5
111,"BROWN, ALTE. AV. 984",-58.35975012,-34.63343907,1
112,DEL LIBERTADOR AV. y LA PAMPA,-58.44523595,-34.55953855,1
113,PICHINCHA AV. y BRASIL,-58.39626094,-34.63036565,2
114,"INDEPENDENCIA AV. y CEVALLOS, VIRREY",-58.38896772,-34.61799615,3
115,GARMENDIA AV. 4895,-58.46536113,-34.59484504,1
116,"ALCORTA, AMANCIO AV. y TABORDA, DIOGENES",-58.40879146,-34.65273216,1
117,"MORENO, PERITO AV. y ZUVIRIA",-58.46451841,-34.64991946,1
118,ARAOZ y CORDOBA AV.,-58.42917090,-34.59485488,1
119,"PAZ, GRAL. AV. 15200",-58.49007772,-34.68251141,1
120,MADERO 900,-58.52756365,-34.62772274,1
121,INDEPENDENCIA AV. y DEAN FUNES,-58.40638983,-34.61943202,1
122,"JUSTO, JUAN B. AV. 5645",-58.47576807,-34.61740997,1
123,27 DE FEBRERO AV. y ESCALADA AV.,-58.44451316,-34.68475866,5
124,AUTOPISTA PERITO MORENO (ALTURA VELEZ SARSFIELD),-58.51927194,-34.63635787,1
125,SANTA FE AV. y GODOY CRUZ,-58.42525456,-34.57866344,2
126,"LACROZE, FEDERICO AV. y FOREST AV.",-58.45396573,-34.58518167,1
127,"PAZ, GRAL. AV. y MOSCONI GENERAL AV.",-58.52340614,-34.59798754,2
128,"LA PLATA AV. y POMAR, GREGORIO TTE. CNEL.",-58.42323628,-34.64119105,2
129,"GARCIA, MARTIN AV. 300",-58.36926144,-34.62841919,1
130,"LA PLATA AV. y POMAR, GREGORIO TTE. CNEL.",-58.42323628,-34.64119105,2
131,"NUÃ‘EZ y BALBIN, RICARDO, DR. AV.",-58.47935434,-34.55676497,1
132,"PAZ, GRAL. AV. 4500",-58.50598256,-34.56379980,1
133,"HUERGO, ING. AV. y AUTOPISTA 25 DE MAYO",-58.36607137,-34.62150748,1
134,"GARAY, JUAN DE AV. y CASTRO",-58.41918902,-34.63174259,1
135,DIRECTORIO AV. y SAN PEDRITO AV.,-58.46749188,-34.63551751,1
136,AUTOPISTA 25 DE MAYO,.,.,1
137,"FALCON, RAMON L.,CNEL. y MEMBRILLAR",-58.46064174,-34.62960517,1
138,BELGRANO AV. y PASEO COLON AV.,-58.36956186,-34.61232875,1
139,ARENALES 3319,-58.40966671,-34.58788235,1
140,REPUBLICA BOLIVARIANA DE VENEZUELA y SAAVEDRA,-58.40288226,-34.61544091,1
141,"JUSTO, JUAN B. AV. y ACHUPALLAS",-58.46594230,-34.61028571,1
142,OLAVARRIA y VELEZ SARSFIELD AV.,-58.38957669,-34.64410277,1
143,LIMA y MEXICO,-58.38161660,-34.61529543,1
144,"CABRERA, JOSE A. y BONPLAND",-58.43917004,-34.58494351,1
145,AUTOPISTA 25 DE MAYO y BOEDO AV.,-58.41595919,-34.62743346,2
146,DIRECTORIO AV. y RIGLOS,-58.43564880,-34.62828656,1
147,"PAZ, GRAL. AV. y BALBIN, RICARDO, DR. AV.",-58.50073810,-34.54979510,4
148,"TRAFUL y TABORDA, DIOGENES",-58.40969005,-34.65055290,1
149,"IRIARTE, GRAL. AV. 3055",-58.38972622,-34.65098981,1
150,DONADO y ARIAS,-58.49185972,-34.55046754,1
151,CORDOBA AV. y CALLAO AV.,-58.39293417,-34.59963642,1
152,AUTOPISTA 25 DE MAYO KM. 8.3,-58.38099494,-34.62288231,1
153,"JUSTO, JUAN B. AV. y PARAGUAY",-58.42901200,-34.58095431,1
154,"PAZ, GRAL. AV. y DE LOS CORRALES AV.",-58.50877521,-34.66977709,3
155,SARMIENTO y LIBERTAD,-58.38362373,-34.60509972,1
156,RIVADAVIA AV. 7121,-58.46589308,-34.62955795,1
157,"FERNANDEZ DE LA CRUZ, F., GRAL. AV. y RIVERA INDARTE AV.",-58.43614426,-34.65424640,1
158,"MORENO, PERITO AV. y FOURNIER",-58.41842777,-34.64979057,1
159,CASEROS AV. 1429,-58.38332245,-34.63193250,1
160,GAONA AV. y FRAGATA PRES. SARMIENTO,-58.45475488,-34.61196327,1
161,MOZART y TANDIL,-58.48501341,-34.64742455,1
162,MOZART y AUTOPISTA DELLEPIANE LUIS TTE. GRAL.,-58.47010988,-34.65872088,1
163,24 DE NOVIEMBRE y PAVON,-58.40997560,-34.62873635,1
164,"PAZ, GRAL. AV. y LOS CEDROS",-58.48892175,-34.68359163,1
165,"PAZ, GRAL. AV. y GUTIERREZ, RICARDO",-58.52466448,-34.60325478,1
166,GODOY CRUZ 2651,-58.42554218,-34.57929036,1
167,"ACHAVAL RODRIGUEZ, T., DR. AV. y VILLAFLOR, AZUCENA",-58.35881506,-34.61113641,1
168,"PAZ, GRAL. AV. y CAMPANA",-58.51452347,-34.58159762,1
169,"INDEPENDENCIA AV. y CEVALLOS, VIRREY",-58.38896772,-34.61799615,3
170,CASTAÃ‘ARES AV. y LAUTARO,-58.44516857,-34.64363363,1
171,"GUIRALDES, INT. 2699",-58.43834197,-34.54560369,1
172,"FERNANDEZ MORENO, BALDOMERO 2186",-58.45485084,-34.63531854,1
173,"LUGONES, LEOPOLDO AV.",.,.,1
174,NOGOYA 5940,-58.52449285,-34.62454175,1
175,ARGENTINA AV. y CORVALAN,-58.46713742,-34.67198790,1
176,"FERNANDEZ DE LA CRUZ, F., GRAL. AV. y VARELA AV.",-58.43850413,-34.65554754,2
177,"PAZ, GRAL. AV. y GOLETA SANTA CRUZ",-58.49413799,-34.68095739,1
178,VIEYTES y VILLARINO,-58.37547846,-34.65326075,1
179,"DE LOS CONSTITUYENTES AV. y MORAN, PEDRO",-58.48680218,-34.58689719,1
180,DE LOS CONSTITUYENTES AV. 4900,-58.49563989,-34.57962262,1
181,CORDOBA AV. y LIBERTAD,-58.38403232,-34.59915940,1
182,BRASIL y LIMA,-58.38223382,-34.62693865,1
183,"ESCALADA AV. y FERNANDEZ DE LA CRUZ, F., GRAL. AV.",-58.45966521,-34.67323292,1
184,PARAGUAY y CALLAO AV.,-58.39303911,-34.59871111,1
185,"JUSTO, JUAN B. AV. y SAN BLAS",-58.51262106,-34.63395999,1
186,CHILE y 9 DE JULIO AV.,-58.38118367,-34.61646839,1
187,"MAIPU y PERON, JUAN DOMINGO, TTE. GENERAL",-58.37653284,-34.60582475,1
188,SUAREZ AV. y HERRERA,-58.37709334,-34.64035082,1
189,SAN MARTIN AV. y FRAGATA PRES. SARMIENTO,-58.46002142,-34.60409469,1
190,"DIRECTORIO AV. y MORENO, JOSE MARIA AV.",-58.43381970,-34.62801894,1
191,"RABANAL, FRANCISCO, INTENDENTE AV. 2950",-58.43580656,-34.66437532,1
192,"PAZ, GRAL. AV. y SCHMIDL, ULRICO",-58.52173071,-34.65997463,1
193,NUEVA YORK 3696,-58.50791763,-34.59804273,1
194,DE LOS CONSTITUYENTES AV. y VALLEJOS,-58.49175088,-34.58226957,1
195,CORRIENTES AV. y ECUADOR,-58.40781467,-34.60425669,1
196,CASCO 133,-58.52567073,-34.63787791,1
197,DE MAYO AV. y 9 DE JULIO AV.,-58.38154200,-34.60906385,1
198,"CASTILLO, RAMON S., PRES. AV. y CALLE 12 (NO OFICIAL)",-58.38526125,-34.57805810,3
199,FRAY JUSTO SANTAMARIA DE ORO 1930,-58.42934104,-34.58451712,1
200,MEXICO y DEAN FUNES,-58.40657493,-34.61781124,1
201,"ALBERDI, JUAN BAUTISTA AV. y ESCALADA AV.",-58.49525314,-34.64487785,1
202,ENTRE RIOS AV. y BRASIL,-58.39092851,-34.62932696,1
203,"ALBERDI, JUAN BAUTISTA AV. y GUARDIA NACIONAL",-58.49603546,-34.64564271,2
204,DEL LIBERTADOR AV. y RODRIGUEZ PEÃ‘A,-58.38502878,-34.58703485,1
205,"TACUARI y GARCIA, MARTIN AV.",-58.37261143,-34.63150425,1
206,RIVADAVIA AV. y MURGUIONDO,-58.51876802,-34.63905965,1
207,24 DE NOVIEMBRE 390,-58.41095567,-34.61516101,1
208,PASEO COLON AV. y BRASIL AV.,-58.36797542,-34.62519403,1
209,"LEGUIZAMON, MARTINIANO 901",-58.51514709,-34.64787051,1
210,"CHIVILCOY AV. y PAZ, GRAL. AV.",-58.51925642,-34.59171721,1
211,"SUPERI y PAZ, GRAL. AV.",-58.48671535,-34.54321216,1
212,AUTOPISTA 25 DE MAYO y AUTOPISTA 1 SUR PRESIDENTE ARTURO FRONDIZI,-58.38268809,-34.62282019,2
213,"LUGONES, LEOPOLDO AV. y PUENTE DISTRIBUIDOR SCALABRINI ORTIZ",-58.43633522,-34.54966288,1
214,"HUGO, VICTOR 2639",-58.52640838,-34.61765855,1
215,"CORDOBA AV. y SALGUERO, JERONIMO",-58.41894306,-34.59778875,1
216,CABILDO AV. y NUÃ‘EZ,-58.46756026,-34.54972741,1
217,"BONIFACIO, JOSE 2114",-58.45715752,-34.63132912,1
218,"FIGUEROA ALCORTA, PRES. AV. 5400",-58.42406784,-34.56213916,1
219,REPUBLICA BOLIVARIANA DE VENEZUELA 2135,-58.39674470,-34.61512051,1
220,"LACROZE, FEDERICO AV. y ZAPATA",-58.44537508,-34.57084818,1
221,"IRIARTE, GRAL. AV. y ZAVALETA",-58.40056767,-34.65107080,1
222,9 DE JULIO AV. y ESTADOS UNIDOS,-58.38109568,-34.61853244,1
223,FRAY JUSTO SANTAMARIA DE ORO y GUEMES,-58.42533612,-34.58035258,1
224,DEL LIBERTADOR AV. y JARAMILLO,-58.46062311,-34.54395182,1
225,"PAZ, GRAL. AV. y MACHAIN",-58.49491054,-34.54795581,1
226,DIRECTORIO AV. y PORTELA,-58.47130269,-34.63665402,1
227,"LAVALLE y ALEM, LEANDRO N. AV.",-58.37048800,-34.60189492,2
228,USPALLATA y PIROVANO,-58.42023854,-34.64234110,1
229,AUTOPISTA 25 DE MAYO y VARELA AV.,-58.45807401,-34.63997430,1
230,SANTA FE AV. y MAIPU,-58.37697717,-34.59573848,1
231,ALVEAR AV. y DEL LIBERTADOR AV.,-58.39100580,-34.58498660,1
232,PAVON AV. y TREINTA Y TRES ORIENTALES,-58.42182126,-34.63089661,1
233,"PAZ, GRAL. AV. 5750",-58.51389422,-34.58075791,1
234,"VIEYTES y CRUZ, OSVALDO AV.",-58.37585415,-34.65232158,1
235,AUTOPISTA DELLEPIANE LUIS TTE. GRAL. y ESCALADA AV.,-58.47297505,-34.66245085,2
236,ALBARIÃ‘O y ARGENTINA AV.,-58.46855503,-34.67216349,1
237,"RAMIREZ DE VELASCO, JUAN 1211",-58.44254033,-34.59185043,1
238,"FERNANDEZ DE LA CRUZ, F., GRAL. AV. y LARRAYA",-58.46622247,-34.67926929,1
239,RIESTRA AV. y CAÃ‘ADA DE GOMEZ,-58.48003734,-34.68148508,1
240,GALLO y CORDOBA AV.,-58.41192137,-34.59800248,1
241,"ARANGUREN, JUAN F., DR. 611",-58.44034689,-34.61349731,1
242,AUTOPISTA PERITO MORENO y AUTOPISTA 25 DE MAYO,-58.47155277,-34.64925746,1
243,CHORROARIN y SAN MARTIN AV.,-58.47883099,-34.59967065,1
244,"COSQUIN y ROCA, CNEL. AV.",-58.46552171,-34.69374130,1
245,"ROCA, CNEL. AV. 3555",-58.44239720,-34.66777987,1
246,WARNES AV. y PUNTA ARENAS,-58.47032551,-34.59626814,1
247,"BARCO CENTENERA DEL y RABANAL, FRANCISCO, INTENDENTE AV.",-58.41827843,-34.65522746,1
248,MOSCONI GENERAL AV. y SAN NICOLAS,-58.51280715,-34.59279388,1
249,"LAFUENTE AV. y PERON, EVA AV.",-58.46258582,-34.64385704,1
250,"ROCA, CNEL. AV. y ESCALADA AV.",-58.45064148,-34.68003614,1
251,AUTOPISTA 1 SUR PRESIDENTE ARTURO FRONDIZI,.,.,2
252,"LA PLATA AV. y GOYENA, PEDRO AV.",-58.42717783,-34.62513374,1
253,"TRELLES, MANUEL R. y DIAZ, CESAR, GRAL.",-58.46442001,-34.60724519,1
254,"ROCA, CNEL. AV. y PAZ, GRAL. AV.",-58.47064556,-34.69843756,1
255,MAZA y DON BOSCO,-58.41677733,-34.61223119,1
256,"PAZ, GRAL. AV. y PERON, EVA AV.",-58.50251790,-34.67450313,2
257,SAN JUAN AV. y LA RIOJA,-58.40708125,-34.62438894,1
258,PASEO COLON AV. y MEXICO,-58.36947198,-34.61477051,1
259,RIVADAVIA AV. y MIRALLA,-58.51140889,-34.63934531,1
260,VIEYTES y LUJAN,-58.37460912,-34.65559133,1
261,CACHI y TRAFUL,-58.41146277,-34.65073916,1
262,ROSARIO y LA PLATA AV.,-58.42855267,-34.61829385,1
263,ENTRE RIOS AV. y CASEROS AV.,-58.39035581,-34.63412287,1
264,RIVADAVIA AV. 6350,-58.45593915,-34.62656868,1
265,"PAZ, GRAL. AV. y HUMAITA",-58.52866211,-34.64597065,1
266,"GUALEGUAYCHU y PAZ, GRAL. AV.",-58.52037476,-34.59407024,1
267,"INDEPENDENCIA AV. y CEVALLOS, VIRREY",-58.38896772,-34.61799615,3
268,NAZCA AV. 365,-58.47074114,-34.62771756,1
269,"PERON, EVA AV. 5249",-58.48200819,-34.65969965,1
270,SAN JUAN AV. y RINCON,-58.39536773,-34.62297346,1
271,PERU 937,-58.37456088,-34.61895467,1
272,"PUEYRREDON, HONORIO, DR. AV. y GALICIA",-58.44860217,-34.60395657,1
273,DEL LIBERTADOR AV. y MANZANARES,-58.46129513,-34.54332766,1
274,PASEO COLON AV. 1019,-58.36907201,-34.61953517,1
275,VALLE y BARCO CENTENERA DEL,-58.44062219,-34.62499107,1
276,AUTOPISTA PERITO MORENO KM. 0.6,-58.52502765,-34.63601265,1
277,"HUERGO, ING. AV. e INDEPENDENCIA AV.",-58.36659655,-34.61687778,1
278,"PILCOMAYO y BROWN, ALTE. AV.",-58.36737389,-34.62763661,1
279,"CERVANTES y BELAUSTEGUI, LUIS, DR.",-58.49807953,-34.63038658,1
280,"CALLAO AV. y LOPEZ, VICENTE",-58.39092703,-34.59088447,1
281,"OLIDEN y CHILAVERT, MARTINIANO, CORONEL",-58.46912006,-34.68049201,1
282,CONGRESO AV. y GALVAN,-58.48661286,-34.56786129,1
283,"MORENO, PERITO AV. y RIVERA INDARTE AV.",-58.44074927,-34.65080597,1
284,AUSTRALIA AV. 2800,-58.38636298,-34.64684275,1
285,"DEL LIBERTADOR AV. y RAMOS MEJIA, JOSE MARIA, DR. AV.",-58.37533517,-34.59276462,3
286,SAN PEDRITO AV. y RIVADAVIA AV.,-58.46963952,-34.63070603,1
287,"ISABEL LA CATOLICA y SALVADORES, CNEL.",-58.37207554,-34.64543658,1
288,LAS HERAS GENERAL AV. y CALLAO AV.,-58.39189441,-34.59176378,1
289,"FERNANDEZ DE LA CRUZ F., GRAL. AV. y AUTOPISTA PRESIDENTE HECTOR J. CAMPORA",-58.45012957,-34.66518343,1
290,"ALCORTA, AMANCIO AV. y ZAVALETA",-58.40184094,-34.64546845,2
291,"MONTES DE OCA, MANUEL AV. y OLAVARRIA",-58.37441153,-34.63966783,1
292,BARCO CENTENERA DEL y ROSARIO,-58.44110156,-34.62082399,1
293,ALVAREZ THOMAS AV. y DONADO,-58.47087351,-34.57827342,1
294,AVELLANEDA AV. y BOYACA AV.,-58.45962210,-34.62245140,1
295,"RABANAL, FRANCISCO, INTENDENTE AV. y SAENZ AV.",-58.41657793,-34.65476216,1
296,CASTRO y RONDEAU,-58.41911301,-34.63722107,1
297,"BILBAO, FRANCISCO AV. y AZUL",-58.47120586,-34.64251042,1
298,NAZCA AV. y GAONA AV.,-58.47418944,-34.62049672,1
299,PLAZA y ALVAREZ THOMAS AV.,-58.46720441,-34.57905579,1
300,"GAONA AV. y ARTIGAS, JOSE GERVASIO, GRAL.",-58.46909362,-34.61779710,1
301,CABILDO AV. y AGUILAR,-58.44704343,-34.56888640,1
302,CAMARONES y LOPE DE VEGA AV.,-58.50535541,-34.62902048,1
303,SANTA FE AV. 2320,-58.40021675,-34.59522198,1
304,RIVADAVIA AV. 6950,-58.46325991,-34.62919627,1
305,SAN MARTIN AV. y ARGERICH,-58.49471482,-34.59694755,1
306,"CORDOBA AV. y URIBURU JOSE E., PRES.",-58.39872610,-34.59975962,1
307,RIVADAVIA AV. 1571,-58.38872177,-34.60885045,1
308,"FREIRE, RAMON, CAP. GRAL. y OLAGUER Y FELIU, VIRREY",-58.45686132,-34.57305993,1
309,"LA PLATA AV. y FERNANDEZ DE LA CRUZ, F., GRAL. AV.",-58.42281627,-34.64282424,1
310,BRANDSEN y PERDRIEL,-58.38666024,-34.63953396,1
311,"VILARDEBO, TEODORO y ALVAREZ JONTE AV.",-58.49122843,-34.61207587,1
312,ALBERTI e INDEPENDENCIA AV.,-58.40098306,-34.61866627,1
313,ALVAREZ THOMAS AV. 879,-58.45448963,-34.57916920,1
314,"PAZ, GRAL. AV. y RIVADAVIA AV.",-58.52927982,-34.63931752,2
315,CORRIENTES AV. y DORREGO AV.,-58.44759966,-34.59170240,2
316,RIVADAVIA AV. y PEDERNERA,-58.46411215,-34.62925068,2
317,QUESADA 2300,-58.46213220,-34.55395823,1
318,CABILDO AV. y JURAMENTO AV.,-58.45669422,-34.56203610,1
319,"CALIFORNIA y CARBONARI, FRANCISCO, CMTE.",-58.35977160,-34.64341878,1
320,"CARRIL, SALVADOR MARIA DEL AV. y NAZCA",-58.49820145,-34.59070093,1
321,SAN LUIS y AGUERO,-58.41059280,-34.59939180,1
322,LUGONES 2430,-58.47969138,-34.57121563,1
323,INDEPENDENCIA AV. y JUJUY AV.,-58.40351561,-34.61883916,1
324,RIVADAVIA AV. 11050,-58.51973844,-34.63918987,1
325,COMBATE DE LOS POZOS y HUMBERTO 1Â°,-58.39311376,-34.62163006,1
326,CORDOBA AV. y THAMES,-58.43531242,-34.59082159,1
327,"GARAY, JUAN DE AV. y SANCHEZ DE LORIA",-58.41178165,-34.63035454,1
328,"LAVALLE y ALEM, LEANDRO N. AV.",-58.37048800,-34.60189492,2
329,ESTADOS UNIDOS y PICHINCHA,-58.39883882,-34.61964833,1
330,ROSARIO y BARCO CENTENERA DEL,-58.44110156,-34.62082399,1
331,"ALEM, LEANDRO N. AV. y VIAMONTE",-58.37093138,-34.59952725,1
332,VARELA AV. y PRIMERA JUNTA,-58.45855262,-34.63953253,1
333,"PELLEGRINI, CARLOS y JUNCAL",-58.38161909,-34.59283447,1
334,"CORRIENTES AV. y LACROZE, FEDERICO AV.",-58.45511899,-34.58698157,1
335,"MONTES DE OCA, MANUEL AV. y FINOCHIETTO ENRIQUE DR.",-58.37724226,-34.62973033,1
336,"CARABOBO AV. y ALBERDI, JUAN BAUTISTA AV.",-58.45546217,-34.62930339,1
337,CORDOBA AV. 2215,-58.39897064,-34.59954925,1
338,"ESTADOS UNIDOS y URQUIZA, GRAL.",-58.40917826,-34.62126274,1
339,"MORENO y HUERGO, ING. AV.",-58.36726348,-34.61099738,1
340,AUTOPISTA DELLEPIANE LUIS TTE. GRAL. y MONTIEL,-58.48267426,-34.68454456,1
341,"IRIARTE, GRAL. AV. 3400",-58.39546165,-34.65168841,1
342,"ALBERDI, JUAN BAUTISTA AV. 2968",-58.46941984,-34.63376545,1
343,DEL LIBERTADOR AV. y ORTIZ DE OCAMPO,-58.40367321,-34.58129246,1
344,"CHAVEZ, JORGE y PAZ, GRAL. AV.",-58.52932872,-34.65014993,1
345,"URQUIZA, GRAL. y ESTADOS UNIDOS",-58.40917826,-34.62126274,1
346,PARAGUAY y SANCHEZ DE BUSTAMANTE,-58.41264127,-34.59473294,1
347,"DE LOS CORRALES AV. y PAZ, GRAL. AV.",-58.50877521,-34.66977709,1
348,"ALBERDI, JUAN BAUTISTA AV. y CARHUE",-58.51232237,-34.65903530,2
349,CASTAÃ‘ARES AV. y RIVERA INDARTE AV.,-58.44744156,-34.64567171,1
350,"LARRAZABAL y GARZON, EUGENIO, GRAL. AV.",-58.49441273,-34.65869968,1
351,"PAZ, GRAL. AV. y FERNANDEZ DE LA CRUZ, F., GRAL. AV.",-58.47976785,-34.69153196,1
352,"MOREAU DE JUSTO, ALICIA AV. y COCHABAMBA",-58.36523349,-34.62260331,1
353,"ENTRE RIOS AV. y GARAY, JUAN DE AV.",-58.39118948,-34.62704273,1
354,DIRECTORIO AV. y GUARDIA NACIONAL,-58.49019551,-34.65015854,1
355,PAVON AV. y COLOMBRES,-58.41644362,-34.63023775,1
356,"PAZ, GRAL. AV. y BALBIN, RICARDO, DR. AV.",-58.50073810,-34.54979510,4
357,PICHINCHA AV. y BRASIL,-58.39626094,-34.63036565,2
358,27 DE FEBRERO AV. y PERGAMINO,-58.43284809,-34.67051543,1
359,AUTOPISTA PERITO MORENO y BARRAGAN,-58.52280139,-34.63659934,2
360,CORDOBA AV. y GASCON,-58.42336930,-34.59774487,1
361,15 DE NOVIEMBRE DE 1889 1513,-58.38691681,-34.63105973,1
362,"SALGUERO, JERONIMO y BERUTI",-58.41169020,-34.58579880,1
363,"LACARRA AV. y DELLEPIANE, LUIS, TTE. GRAL.",-58.46739825,-34.65117757,1
364,"AUTOPISTA PRESIDENTE HÃ‰CTOR J. CÃMPORA y ROCA, CNEL. AV.",-58.44483258,-34.67152226,1
365,"VARELA AV. y RABANAL, FRANCISCO, INTENDENTE AV.",-58.43254025,-34.66128115,1
366,"PAZ, GRAL. AV. y BERON DE ASTRADA",-58.47199387,-34.69640164,1
367,RIVADAVIA AV. y PEDERNERA,-58.46411215,-34.62925068,2
368,"RAWSON DE DELLEPIANE, ELVIRA AV. 150",-58.36217754,-34.62367156,1
369,"PAZ, GRAL. AV. y ZAPIOLA",-58.48098594,-34.54073130,1
370,"FAMATINA y TABORDA, DIOGENES",-58.41083404,-34.64640709,1
371,"CASTAÃ‘ARES AV. y BONORINO, ESTEBAN, CNEL. AV.",-58.44609828,-34.64446729,1
372,AUTOPISTA 1 SUR PRESIDENTE ARTURO FRONDIZI y SUAREZ AV.,-58.37709334,-34.64035082,2
373,NAZCA AV. y RIVADAVIA AV.,-58.46963952,-34.63070603,2
374,"FIGUEROA ALCORTA, PRES. AV. y ECHEVERRIA",-58.43674281,-34.55161027,1
375,RIVADAVIA AV. y JUJUY AV.,-58.40596860,-34.61011987,1
376,"DE LOS ITALIANOS AV. y GUEMES, MACACHA",-58.36154069,-34.60463618,1
377,"TUCUMAN y ALEM, LEANDRO N. AV.",-58.37062179,-34.60066507,1
378,"CORRIENTES AV. y GALLARDO, ANGEL AV.",-58.43220014,-34.60207186,1
379,"AUTOPISTA PERITO MORENO & PERON, EVA  AV.",-58.46958442,-34.64949724,1
380,MUÃ‘ECAS y SERRANO,-58.44671397,-34.59970903,1
381,"ARTIGAS, JOSE GERVASIO, GRAL. y TRES ARROYOS",-58.47152163,-34.61474911,1
382,SOLIS e INDEPENDENCIA AV.,-58.39032921,-34.61807951,1
383,"BOSCH, VENTURA y PAZ, GRAL. AV.",-58.52887773,-34.64297861,1
384,"PAZ, GRAL. AV. 14800",-58.49371157,-34.67981324,1
385,"PERON, EVA AV. 5321",-58.48266599,-34.66012327,1
386,"PERON, JUAN DOMINGO, TTE. GENERAL y PUEYRREDON AV.",-58.40612253,-34.60774301,1
387,"RABANAL, FRANCISCO, INTENDENTE AV. y SAN PEDRITO",-58.43613623,-34.66292532,1
388,MONROE y ALVAREZ THOMAS AV.,-58.48250732,-34.57208238,1
389,RIVADAVIA AV. y MANZONI,-58.49945705,-34.63743280,1
390,AUTOPISTA DELLEPIANE LUIS TTE. GRAL. y LARRAZABAL,-58.47743966,-34.67233407,1
391,"PAZ, GRAL. AV. y PERON, EVA AV.",-58.50251790,-34.67450313,2
392,AUTOPISTA PERITO MORENO y RESERVISTAS ARGENTINOS,-58.52144411,-34.63682499,1
393,SAENZ AV. y VENTANA,-58.41650465,-34.65084045,1
394,"PAZ, GRAL. AV. y FALCON, RAMON L.,CNEL.",-58.52994219,-34.64055918,1
395,"PAZ, GRAL. AV. y DE LOS CONSTITUYENTES AV.",-58.50993046,-34.56919739,1
396,"PAZ, GRAL. AV. 11200",-58.52844623,-34.64592873,1
397,"NEWBERY, JORGE AV. y GUEVARA",-58.45021367,-34.58695347,1
398,GAONA AV. y SEGUROLA AV.,-58.49022072,-34.62770192,1
399,"MADERO, EDUARDO AV. 550",-58.36860866,-34.60106568,1
400,"AUTOPISTA ARTURO ILLIA y CASTILLO, RAMON S., PRES. AV.",-58.39490504,-34.57241534,1
401,NAZCA AV. y RIVADAVIA AV.,-58.46963952,-34.63070603,2
402,LA PLATA AV. y CASEROS AV.,-58.42349365,-34.64019887,1
403,BELGRANO AV. y PERU,-58.37471802,-34.61265002,1
404,RIVADAVIA AV. 7013,-58.46438789,-34.62913916,1
405,"ALSINA, ADOLFO y SANTIAGO DEL ESTERO",-58.38481975,-34.61100424,1
406,BERMUDEZ 1893,-58.50751833,-34.62073702,1
407,SANTANDER 1974,-58.44682986,-34.63888084,1
408,LANTERI JULIETA 1400,-58.36004650,-34.61381341,1
409,MAZA e INDEPENDENCIA AV.,-58.41509546,-34.62085945,1
410,"PAZ, GRAL. AV. 5172",-58.50997604,-34.57251072,1
411,"OLIVERA AV. y ALBERDI, JUAN BAUTISTA AV.",-58.48606475,-34.64047818,1
412,"CASTILLO, RAMON S., PRES. AV. y CALLE 12 (NO OFICIAL)",-58.38526125,-34.57805810,3
413,"CASTAÃ‘ARES AV. y MORENO, PERITO AV.",-58.45463662,-34.65082149,1
414,SAN MARTIN AV. y TERRADA,-58.49121672,-34.59718073,1
415,"PERON, EVA AV. y MEDINA",-58.47325712,-34.65284605,1
416,"JUSTO, JUAN B. AV. y ALVAREZ JONTE AV.",-58.52108101,-34.63382309,1
417,"OBLIGADO RAFAEL, AV.COSTANERA 4650",-58.41652702,-34.55509606,1
418,"MITRE, BARTOLOME y YATAY",-58.42891604,-34.61071660,1
419,"PAZ, GRAL. AV. 16080",-58.47802293,-34.69156793,1
420,CHACABUCO y SAN JUAN AV.,-58.37564821,-34.62200207,1
421,DEL LIBERTADOR AV. 4100,-58.42668489,-34.56961468,1
422,"PAZ, GRAL. AV. y ALBERDI, JUAN BAUTISTA AV.",-58.51839930,-34.66252488,1
423,"CASTAÃ‘ARES AV. y GORDILLO, TIMOTEO",-58.48432691,-34.67665828,1
424,SALVIGNY y MOM,-58.43383830,-34.64457699,1
425,"LAMARCA, EMILIO 5402",-58.51664939,-34.58657938,1
426,SAN MARTIN AV. 5638,-58.49613012,-34.59703502,1
427,"CARRILLO, RAMON, DR. y FINOCHIETTO ENRIQUE DR.",-58.38313603,-34.63356284,1
428,MEXICO y PICHINCHA,-58.39914719,-34.61632317,1
429,"CANTILO, INT. y UDAONDO, GUILLERMO AV.",-58.44927253,-34.54048625,2
430,DEL LIBERTADOR AV. 6326,-58.45049163,-34.55374003,1
431,CHICLANA AV. 3444,-58.41288952,-34.63572989,1
432,BOYACA AV. y YERBAL,-58.45743597,-34.62561234,1
433,ENTRE RIOS AV. 1260,-58.39123782,-34.62352245,1
434,"PAZ, GRAL. AV. y JACQUES, AMADEO",-58.52922765,-34.63637963,1
435,ANTARTIDA ARGENTINA AV. 1325,-58.37208118,-34.58541957,1
436,"MITRE, BARTOLOME y SANCHEZ DE BUSTAMANTE",-58.41458534,-34.60937557,1
437,"FERNANDEZ DE LA CRUZ, F., GRAL. AV. y PAZ, GRAL. AV.",-58.47976785,-34.69153196,2
438,SANTA FE AV. y AZCUENAGA,-58.39990285,-34.59511714,1
439,"JUSTO, JUAN B. AV. y OROÃ‘O, NICASIO",-58.46051346,-34.60588536,1
440,"FERNANDEZ DE LA CRUZ, F., GRAL. AV. y PAZ, GRAL. AV.",-58.47976785,-34.69153196,2
441,"ALVAREZ, DONATO, TTE. GRAL. y YERBAL",-58.45457546,-34.62447891,1
442,"CORDOBA AV. y MADERO, EDUARDO AV.",-58.36951669,-34.59832047,2
443,"CAMARONES y ALVAREZ, DONATO, TTE. GRAL. AV.",-58.46415322,-34.60443790,1
444,"AUTOPISTA 25 DE MAYO y HUERGO, ING. AV.",-58.36607137,-34.62150748,1
445,"MORENO, PERITO AV. 3050",-58.45537373,-34.65093074,1
446,SUIPACHA 665,-58.37942637,-34.60053054,1
447,RIGLOS y FORMOSA,-58.43680440,-34.62147504,1
448,LA RIOJA e INDEPENDENCIA AV.,-58.40778291,-34.61971907,1
449,"UDAONDO, GUILLERMO AV. y FIGUEROA ALCORTA, PRES. AV.",-58.45212523,-34.54628513,1
450,SAN PEDRITO AV. y DIRECTORIO AV.,-58.46749188,-34.63551751,2
451,PUAN y SANTANDER,-58.44263580,-34.63679732,1
452,"ALBERDI, JUAN BAUTISTA AV. y ANDALGALA",-58.51140289,-34.65846419,1
453,LIMA y CONSTITUCION,-58.38211431,-34.62465368,1
454,"CORDOBA AV. y MADERO, EDUARDO AV.",-58.36951669,-34.59832047,2
455,BOEDO AV. 650,-58.41635217,-34.62036547,1
456,DEL LIBERTADOR AV. y REPUBLICA DE LA INDIA,-58.41316147,-34.57579669,1
457,"PAZ, GRAL. AV. y CABILDO AV.",-58.47617802,-34.53825652,1
458,CASEROS AV. 1700,-58.38641783,-34.63330028,1
459,AVELLANEDA AV. 1548,-58.45322169,-34.62038137,1
460,CIUDAD DE LA PAZ y MENDOZA,-58.45849057,-34.56166498,1
461,"SALGUERO, JERONIMO y HONDURAS AV.",-58.41829559,-34.59411677,1
462,"FILIBERTO, JUAN DE DIOS y OLAVARRIA",-58.36376488,-34.63832093,1
463,ASTURIAS AV. y CASTAÃ‘ARES AV.,-58.46442668,-34.66004784,1
464,GANDARA 2976,-58.48222035,-34.58428769,1
465,"GUEVARA, TRINIDAD y MADERO, EDUARDO AV.",-58.36819005,-34.60283208,1
466,BOYACA AV. 305,-58.45877601,-34.62330939,1
467,ARTILLEROS y LA PAMPA,-58.44196498,-34.55760517,1
468,AUTOPISTA PERITO MORENO e IRIGOYEN,-58.50622631,-34.63627822,1
469,15 DE NOVIEMBRE DE 1889 y SANTIAGO DEL ESTERO,-58.38410880,-34.63099197,1
470,"ACOSTA, MARIANO AV. y FALCON, RAMON L.,CNEL.",-58.48100602,-34.63504312,1
471,11 DE SEPTIEMBRE DE 1888 y MENDOZA,-58.45200171,-34.55781320,1
472,"PINO, VIRREY DEL y CAMPOS, LUIS M. AV.",-58.44462132,-34.56201105,1
473,FOREST AV. y MAURE,-58.45220688,-34.58711712,1
474,BOYACA AV. y AVELLANEDA AV.,-58.45962210,-34.62245140,1
475,BARCO CENTENERA DEL y TILCARA,-58.41970850,-34.65414867,1
476,RIESTRA AV. y BOLIVAR (NO OFICIAL),-58.44187596,-34.64938031,1
477,"CASTRO, EMILIO 4706",-58.49101637,-34.64276621,1
478,27 DE FEBRERO AV. 5600,-58.42493829,-34.66256502,1
479,"GARAY, JUAN DE AV. 2874",-58.40489318,-34.62930162,1
480,"SCALABRINI ORTIZ, RAUL AV. y GORRITI",-58.42686680,-34.59217875,1
481,PRIMERA JUNTA y OLIVERA AV.,-58.47961100,-34.65620398,1
482,"ALBERDI, JUAN BAUTISTA AV. y AZUL",-58.47439934,-34.63524207,1
483,ALVAREZ THOMAS AV. 1788,-58.46711912,-34.57926018,1
484,"LUGONES, LEOPOLDO AV. y PAZ, GRAL. AV.",-58.46514781,-34.53465378,1
485,SAN ANTONIO y LUJAN,-58.37571078,-34.65584079,1
486,AUTOPISTA 1 SUR PRESIDENTE ARTURO FRONDIZI y DON PEDRO DE MENDOZA AV.,-58.37157668,-34.65429986,2
487,"FIGUEROA ALCORTA, PRES. AV. y TAGLE",-58.39811256,-34.58070186,1
488,"EINSTEIN, ALBERTO y ALCORTA, AMANCIO AV.",-58.41125934,-34.65417740,1
489,AGRELO y COLOMBRES,-58.41822901,-34.61866836,1
490,"CABILDO AV. y PAZ, GRAL. AV.",-58.47617802,-34.53825652,1
491,ELCANO AV. 4300,-58.46141281,-34.58623761,1
492,"RABANAL, FRANCISCO, INTENDENTE AV. 2428",-58.42985146,-34.66119740,1
493,MONTE y CORVALAN,-58.48457413,-34.65839090,1
494,TANDIL y LAFUENTE,-58.46572884,-34.63628186,1
495,CARDOSO y BACACAY,-58.49261744,-34.63419130,1
496,CORRIENTES AV. 6700,-58.45283186,-34.58841560,1
497,ALVAREZ THOMAS AV. y MENDOZA,-58.47973681,-34.57418656,1
498,"ALCORTA, AMANCIO AV. y BONAVENA, OSCAR NATALIO",-58.40623949,-34.65076549,3
499,"BROWN, ALTE. AV. y BLANES, JUAN MANUEL",-58.36244648,-34.63107887,1
500,"ALBERDI, JUAN BAUTISTA AV. 5455",-58.49962423,-34.64868027,1
501,"JUSTO, JUAN B. AV. y CAMARGO",-58.44551437,-34.59559816,1
502,"BRIN, MINISTRO y SUAREZ",-58.35608181,-34.63420319,1
503,"NIZA y JUSTO, JUAN B. AV.",-58.46483679,-34.60907662,1
504,CAMARGO y SERRANO,-58.44368628,-34.59724326,1
505,AUTOPISTA 1 SUR PRESIDENTE ARTURO FRONDIZI y CASEROS AV.,-58.37864583,-34.62907067,2
506,CASEROS AV. y PIEDRAS,-58.37560352,-34.62726382,1
507,AUTOPISTA PERITO MORENO KM. 5.6,-58.47721439,-34.64815069,1
508,GUZMAN 365,-58.45134029,-34.58984288,1
509,DE LOS CONSTITUYENTES AV. 4300,-58.49040794,-34.58368803,1
510,"MORENO, PERITO AV. y TILCARA AV.",-58.42102679,-34.64991178,1
511,"IBARROLA y GORDILLO, TIMOTEO",-58.52219407,-34.64143926,1
512,"PAZ, GRAL. AV. y GRIVEO",-58.52169422,-34.59471640,1
513,RIVADAVIA AV. y PERGAMINO,-58.47460416,-34.63206174,1
514,SANTO TOME y SEGUROLA AV.,-58.50512382,-34.61520391,1
515,URIARTE y LOYOLA,-58.43910409,-34.59213355,1
516,SARAZA y VARELA AV.,-58.45019436,-34.64646409,1
517,RIVADAVIA AV. y COMBATE DE LOS POZOS,-58.39337644,-34.60927582,1
518,RODRIGUEZ PEÃ‘A y RIVADAVIA AV.,-58.39055614,-34.60919284,1
519,24 DE NOVIEMBRE y SAN JUAN AV.,-58.41036975,-34.62477021,1
520,LAFUENTE AV. 2250,-58.44925765,-34.65412546,1
521,CHILE y LIMA,-58.38156850,-34.61648696,1
522,"CORDOBA AV. y JAURES, JEAN",-58.40662899,-34.59804521,1
523,"PERON, JUAN DOMINGO, TTE. GENERAL y SALGUERO, JERONIMO",-58.41985649,-34.60600850,1
524,9 DE JULIO AV. y SAN JUAN AV.,-58.38099833,-34.62214953,1
525,COLOMBRES 466,-58.41803309,-34.61823178,1
526,MEXICO 2860,-58.40604003,-34.61783553,1
527,COMBATIENTES DE MALVINAS AV. y TRIUNVIRATO AV.,-58.47549929,-34.57994061,1
528,BERMUDEZ y NOGOYA,-58.51398484,-34.61600366,1
529,BRASIL AV. y PASEO COLON AV.,-58.36797542,-34.62519403,1
530,"ALEM, LEANDRO N. AV. 770",-58.37133616,-34.59879316,1
531,BELGRANO AV. y RINCON,-58.39613805,-34.61413568,1
532,"UDAONDO, GUILLERMO AV. 901",-58.44903073,-34.54200276,1
533,CONSTITUCION y CASTRO,-58.41972364,-34.62846670,1
534,"PUEYRREDON AV. y GOMEZ, VALENTIN",-58.40571596,-34.60557123,1
535,"BRAVO, MARIO 1279",-58.41451590,-34.59488319,1
536,AUTOPISTA DELLEPIANE LUIS TTE. GRAL. y ESCALADA AV.,-58.47297505,-34.66245085,2
537,"ARAOZ DE LAMADRID, GREGORIO, GRAL. y BROWN, ALTE. AV.",-58.35791192,-34.63695178,1
538,MURGUIONDO 1339,-58.50801713,-34.65177305,1
539,RIVADAVIA AV. 2551,-58.40258477,-34.60975108,1
540,"DELLEPIANE, LUIS, TTE. GRAL. y MONTIEL",-58.48267426,-34.68454456,1
541,"SCALABRINI ORTIZ, RAUL AV. y WARNES AV.",-58.44248936,-34.60221948,1
542,"PAZ, GRAL. AV. y ROFFO, ANGEL H., DR.",-58.52909134,-34.63886726,1
543,SAN MARTIN AV. 1550,-58.45158942,-34.60646580,1
544,"GARZON, EUGENIO, GRAL. AV. y LARRAYA",-58.49344309,-34.65788529,1
545,CORRIENTES AV. y SERRANO,-58.44259166,-34.59635137,1
546,"PAZ, GRAL. AV. y DEL LIBERTADOR AV.",-58.46743471,-34.53476874,4
547,"MITRE, BARTOLOME y ANCHORENA, TOMAS MANUEL DE, DR.",-58.41178158,-34.60922259,1
548,AUTOPISTA 25 DE MAYO y PUMACAHUA,-58.45068621,-34.63638927,1
549,"SCALABRINI ORTIZ, RAUL AV. y PARAGUAY",-58.42016954,-34.58778790,1
550,"FERNANDEZ DE LA CRUZ, F., GRAL. AV. y VARELA AV.",-58.43850413,-34.65554754,2
551,"LAS HERAS GENERAL AV. y DIAZ, CNEL. AV.",-58.40617526,-34.58345898,1
552,MURGUIONDO,.,.,1
553,"CASTILLO, RAMON S., PRES. AV. y CALLE 12 (NO OFICIAL)",-58.38526125,-34.57805810,3
554,"CURAPALIGUE y PERON, EVA AV.",-58.44750470,-34.63491705,1
555,"DIAZ, ANA y SOLDADO DE LA FRONTERA AV.",-58.46745752,-34.68192648,1
556,"ALEM, LEANDRO N. AV. y PARAGUAY",-58.37202621,-34.59717942,1
557,LA PLATA AV. e INDEPENDENCIA AV.,-58.42779702,-34.62207347,1
558,"PAZ, GRAL. AV. y 27 DE FEBRERO AV.",-58.46244952,-34.70524971,2
559,"NAZCA AV. y CARRANZA, ADOLFO P.",-58.48440160,-34.60776782,1
560,AUTOPISTA PRESIDENTE HÃ‰CTOR J. CÃMPORA y LACARRA AV.,-58.46668375,-34.65174801,1
561,DORREGO AV. 614,-58.44958780,-34.59322448,1
562,"DEL LIBERTADOR AV. y RAMOS MEJIA, JOSE MARIA, DR. AV.",-58.37533517,-34.59276462,3
563,SANTA FE AV. y GODOY CRUZ,-58.42525456,-34.57866344,2
564,AVELLANEDA AV. y MERCEDES,-58.48493828,-34.62981124,1
565,TUCUMAN y PUEYRREDON AV.,-58.40480504,-34.60183884,1
566,"ALCORTA, AMANCIO AV. y EINSTEIN, ALBERTO",-58.41125934,-34.65417740,1
567,INCLAN y ALBERTI,-58.39956546,-34.62977080,1
568,OLAZABAL AV. 5437,-58.49005682,-34.57868970,1
569,"PAZ, GRAL. AV. y ROCA, CNEL. AV.",-58.47064556,-34.69843756,2
570,"NAZCA AV. y VIALE, LUIS",-58.47501560,-34.61945902,1
571,"OLIVERA AV. y FALCON, RAMON L.,CNEL.",-58.48727942,-34.63652467,2
572,BRASIL 1100,-58.37951690,-34.62794241,1
573,"HOMERO y PERON, EVA AV.",-58.47750832,-34.65672199,1
574,"CANTILO, INT. y UDAONDO, GUILLERMO AV.",-58.44927253,-34.54048625,2
575,MORENO 1845,-58.39246272,-34.61253541,1
576,NUEVA YORK y ALTA GRACIA,-58.52783814,-34.61047001,1
577,"PAZ, GRAL. AV. y GOYENECHE, ROBERTO PARQUE AV.",-58.49332664,-34.54836855,2
578,AUTOPISTA PERITO MORENO (ALTURA ESTACION DE TREN VILLA LURO),-58.50178784,-34.63593897,1
579,SAENZ AV. y BEAZLEY,-58.41657793,-34.65476216,1
580,DEL LIBERTADOR AV. y AUSTRIA,-58.39731474,-34.58307887,1
581,"INDEPENDENCIA AV. y SAENZ PEÃ‘A, LUIS, PRES.",-58.38746381,-34.61790839,1
582,"CALLAO AV. y LAS HERAS, GENERAL",-58.39189441,-34.59176378,1
583,SAN PEDRITO AV. y DIRECTORIO AV.,-58.46749188,-34.63551751,2
584,"JUJUY AV. y CALVO, CARLOS",-58.40280471,-34.62113271,1
585,27 DE FEBRERO AV. y ESCALADA AV.,-58.44451316,-34.68475866,5
586,BOGOTA y NAZCA AV.,-58.47110424,-34.62742408,1
587,CORRIENTES AV. y 9 DE JULIO AV.,-58.38220928,-34.60373898,1
588,ALVAREZ JONTE AV. y CHIVILCOY,-58.49794468,-34.61565025,1
589,SAN MARTIN AV. y PUNTA ARENAS,-58.47220945,-34.60111373,1
590,BARCO CENTENERA DEL 1118,-58.43706741,-34.63217813,1
591,"PAZ, GRAL. AV. y GOYENECHE, ROBERTO PARQUE AV.",-58.49332664,-34.54836855,2
592,AU FRONDIZI KM. 3,-58.37960727,-34.62622851,1
593,"CASTRO, EMILIO AV. y MURGUIONDO",-58.51061062,-34.64972472,1
594,AUTOPISTA 25 DE MAYO KM. 3.7,-58.43052224,-34.62941648,1
595,CASEROS AV. y GUARANI,-58.41455544,-34.63866836,1
596,"PERON, EVA AV. 3800",-58.46774439,-34.64730145,1
597,AUTOPISTA ARTURO ILLIA y SARMIENTO AV.,-58.40786274,-34.56726817,1
598,DE LOS CONSTITUYENTES AV. y GIRIBONE,-58.48744301,-34.58622275,1
599,"SAENZ AV. y RABANAL, FRANCISCO, INTENDENTE AV.",-58.41657793,-34.65476216,1
600,PAYSANDU y GAONA AV.,-58.45351111,-34.61134937,1
601,"PAZ, GRAL. AV. y BALBIN, RICARDO, DR. AV.",-58.50073810,-34.54979510,4
602,SANTA FE AV. 1675,-58.39144148,-34.59564871,1
603,"DELLEPIANE, LUIS, TTE. GRAL. y GUAMINI",-58.48191128,-34.68385968,1
604,"FALCON, RAMON L.,CNEL. y OLIVERA AV.",-58.48727942,-34.63652467,1
605,SAN MARTIN AV. y NOGOYA,-58.48328708,-34.59779521,1
606,SAN MARTIN AV. y TINOGASTA,-58.49018543,-34.59724990,1
607,"FERNANDEZ DE LA CRUZ, F., GRAL. AV. y DE LA TORRE, LISANDRO",-58.47230127,-34.68482689,1
608,SALTA y CASEROS AV.,-58.38262614,-34.63168269,1
609,"JAURES, JEAN y PERON, JUAN DOMINGO, TTE. GENERAL",-58.41047268,-34.60793518,1
610,"TRIUNVIRATO AV. y LARRALDE, CRISOLOGO AV.",-58.49659234,-34.56353635,1
611,POTOSI y GASCON,-58.42462955,-34.60727189,1
612,"YRIGOYEN, HIPOLITO y 24 DE NOVIEMBRE",-58.41168345,-34.61185625,1
613,DEL LIBERTADOR AV. y ROOSEVELT FRANKLIN D.,-58.45157681,-34.55217303,1
614,"PERON, EVA AV. y PIEDRA BUENA AV.",-58.49573651,-34.67006054,1
615,"PAZ, GRAL. AV. y AUTOPISTA DELLEPIANE LUIS TTE. GRAL.",-58.48695354,-34.68795245,1
616,"AUTOPISTA 1 SUR PRESIDENTE ARTURO FRONDIZI y QUINQUELA MARTIN, BENITO",-58.37562539,-34.64449357,1
617,"PAZ, GRAL. AV. y DONADO",-58.49491054,-34.54795581,2
618,"COREA AV. y TORRES Y TENORIO, PRES.",-58.44147621,-34.64357704,1
619,"FALCON, RAMON L.,CNEL. y SAN PEDRITO AV.",-58.46899119,-34.63215432,1
620,FINOCHIETTO ENRIQUE DR. 1623,-58.38685612,-34.63455776,1
621,9 DE JULIO AV. e INDEPENDENCIA AV.,-58.38113667,-34.61765323,1
622,"CANTILO, INT. y GUIRALDES, INT.",-58.44112678,-34.54538956,1
623,AUTOPISTA 25 DE MAYO y BOEDO AV.,-58.41595919,-34.62743346,2
624,"ALCORTA, AMANCIO AV. y ZAVALETA",-58.40184094,-34.64546845,2
625,"JANER, ANA MARIA y LAFUENTE AV.",-58.44642231,-34.65679806,1
626,"PAZ, GRAL. AV. y MOSCONI GENERAL AV.",-58.52340614,-34.59798754,2
627,"MONROE y BALBIN, RICARDO, DR. AV.",-58.46649069,-34.56219075,1
628,"JUSTO, JUAN B. AV. y SANTA FE AV.",-58.42653328,-34.57816791,1
629,"OLIDEN y ALBERDI, JUAN BAUTISTA AV.",-58.50407099,-34.65303372,1
630,"PAZ, GRAL. AV. y DEL LIBERTADOR AV.",-58.46743471,-34.53476874,4
631,DEL LIBERTADOR AV. y CASARES AV.,-58.40986646,-34.57728060,1
632,RIVADAVIA AV. 10900,-58.51739138,-34.63931792,1
633,"ALBERDI, JUAN BAUTISTA AV. y PILAR",-58.50719962,-34.65556223,1
634,"PERON, EVA AV. y ACOSTA, MARIANO",-58.46712311,-34.64600222,1
635,AUTOPISTA 1 SUR PRESIDENTE ARTURO FRONDIZI y SUAREZ AV.,-58.37709334,-34.64035082,2
636,ELCANO AV. y GUZMAN AV.,-58.46033141,-34.58569883,1
637,"VEDIA, AGUSTIN DE y RABANAL, FRANCISCO, INTENDENTE AV.",-58.42190745,-34.65633192,1
638,CAPDEVILA y CONGRESO AV.,-58.49026573,-34.56981410,1
639,"FERNANDEZ DE LA CRUZ, F., GRAL. AV. 4000",-58.45410344,-34.66902702,1
640,DEL LIBERTADOR AV. 5958,-58.44751621,-34.55719892,1
641,27 DE FEBRERO AV. y EREZCANO AV.,-58.42040352,-34.66005171,1
642,"PAZ, GRAL. AV. 14723",-58.49530249,-34.68010798,1
643,CORRIENTES AV. 5783,-58.44399875,-34.59477360,1
644,TABARE y EREZCANO,-58.42759813,-34.65463857,1
645,CORRIENTES AV. y PUEYRREDON AV.,-58.40547222,-34.60456293,1
646,"CORRALES y MORENO, PERITO AV.",-58.42473018,-34.65008280,1
647,AUTOPISTA  ARTURO ILLIA (CABINA DE PEAJE),-58.39257023,-34.57563957,1
648,"PAZ, GRAL. AV. y VEDIA",-58.48941042,-34.54596153,1
649,"GARAY, JUAN DE AV. 2269",-58.39640740,-34.62783085,1
650,"SALGUERO, JERONIMO y RIVADAVIA AV.",-58.41971993,-34.61112240,2
651,"MORENO, PERITO AV. y ALCORTA, AMANCIO AV.",-58.40544588,-34.65012801,1
652,LA PLATA AV. 2723,-58.42003882,-34.64645957,1
653,"ALBERDI, JUAN BAUTISTA AV. 2906",-58.46851293,-34.63348678,1
654,"PAZ, GRAL. AV. y TONELERO",-58.52931141,-34.65422917,1
655,SAN JUAN AV. y LA PLATA AV.,-58.42675754,-34.62699730,1
656,"LOPE DE VEGA AV. y PAZ, GRAL. AV.",-58.52933723,-34.61098186,1
657,AUTOPISTA 1 SUR PRESIDENTE ARTURO FRONDIZI y BRASIL,-58.37910943,-34.62764718,2
658,"BEIRO, FRANCISCO AV. 5071",-58.52161176,-34.61164474,1
659,SANTA FE AV. 3428,-58.41354692,-34.58697680,1
660,"CHILAVERT, MARTINIANO, CORONEL y VARELA AV.",-58.43960781,-34.65470804,1
661,SAN LUIS 2730,-58.40454610,-34.60003693,1
662,CALLAO AV. y PARAGUAY,-58.39303911,-34.59871111,1
663,"DEL LIBERTADOR AV. y AGOTE, LUIS DR.",-58.39391034,-34.58405348,1
664,"PAZ, GRAL. AV. y BALBIN, RICARDO, DR. AV.",-58.50073810,-34.54979510,4
665,SALTA y BRASIL,-58.38281301,-34.62786038,1
666,"MORENO, PERITO AV. 2152",-58.43980799,-34.65094083,1
667,DIRECTORIO AV. 1169,-58.44402387,-34.62933109,1
668,INDEPENDENCIA AV. y LA PLATA AV.,-58.42779702,-34.62207347,1
669,TUCUMAN 3112,-58.40944147,-34.60097942,1
670,ARENALES y 9 DE JULIO AV.,-58.38277479,-34.59430160,1
671,AUTOPISTA 1 SUR PRESIDENTE ARTURO FRONDIZI y BRANDSEN,-58.37627355,-34.63800916,1
672,AUTOPISTA 25 DE MAYO y PASCO,-58.39591856,-34.62453459,1
673,CABILDO AV. y OLAZABAL,-58.45829717,-34.56015762,1
674,TAPALQUE y BRUIX AV.,-58.49142611,-34.64584795,1
675,"PAZ, GRAL. AV. y EZEIZA",-58.51271409,-34.57786555,1
676,RIVADAVIA AV. y PUAN,-58.44864864,-34.62352826,1
677,ESMERALDA 1359,-58.37795815,-34.59167894,1
678,MONROE y 3 DE FEBRERO,-58.45531707,-34.55555257,1
679,GAONA AV. 3655,-58.47633683,-34.62140594,1
680,9 DE JULIO AV. y LAVALLE,-58.38188582,-34.60256036,1
681,"BAIGORRIA y HUGO, VICTOR",-58.51989389,-34.62284918,1
682,RIVADAVIA AV. y PUEYRREDON AV.,-58.40596860,-34.61011987,1
683,RIESTRA AV. y MOM,-58.43353773,-34.64561636,1
684,"DELLEPIANE, LUIS, TTE. GRAL. y LACARRA AV.",-58.46739825,-34.65117757,1
685,GAONA AV. y TERRADA,-58.47293407,-34.61984745,1
686,"PERON, EVA AV. 4071",-58.47066794,-34.65021673,1
687,PADRE CARLOS MUGICA 709,-58.37976155,-34.58679619,1
